{
  "model": "sd15",
  "fecha": "2026-05-30T15:36:37.460488",
  "latent_dim": 16384,
  "n_samples_base": 60,
  "n_comp_pca": 50,
  "var_explained_top10": 0.6157281994819641,
  "var_explained_top50": 0.9696406126022339,
  "centroid_norm": 46.84873580932617,
  "norms_mean": 114.68820190429688,
  "norms_std": 8.948981285095215,
  "dist_mean": 148.1744842529297,
  "dist_std": 22.26751136779785,
  "semantic_groups": [
    "color_apple",
    "color_car",
    "color_umbrella",
    "color_flower",
    "color_balloon",
    "light_portrait",
    "light_kitchen",
    "light_forest",
    "light_street",
    "light_still_life",
    "style_mountain",
    "style_portrait",
    "style_city",
    "style_forest",
    "style_cat"
  ],
  "semantic_dir_norms": {
    "color_apple": 73.22687530517578,
    "color_car": 61.00154113769531,
    "color_umbrella": 63.575984954833984,
    "color_flower": 64.0293197631836,
    "color_balloon": 65.20356750488281,
    "light_portrait": 59.82094192504883,
    "light_kitchen": 61.92542266845703,
    "light_forest": 33.22410583496094,
    "light_street": 64.63449096679688,
    "light_still_life": 59.35787582397461,
    "style_mountain": 48.950653076171875,
    "style_portrait": 71.39739990234375,
    "style_city": 35.46852111816406,
    "style_forest": 35.86488342285156,
    "style_cat": 66.54682159423828
  }
}