{
  "model": "sd21",
  "fecha": "2026-05-30T15:36:38.948072",
  "latent_dim": 36864,
  "n_samples_base": 60,
  "n_comp_pca": 50,
  "var_explained_top10": 0.5906367897987366,
  "var_explained_top50": 0.965139627456665,
  "centroid_norm": 61.91747283935547,
  "norms_mean": 147.16867065429688,
  "norms_std": 16.262073516845703,
  "dist_mean": 189.3674774169922,
  "dist_std": 30.524585723876953,
  "semantic_groups": [
    "color_apple",
    "color_car",
    "color_umbrella",
    "color_flower",
    "color_balloon",
    "light_portrait",
    "light_kitchen",
    "light_forest",
    "light_street",
    "light_still_life",
    "style_mountain",
    "style_portrait",
    "style_city",
    "style_forest",
    "style_cat"
  ],
  "semantic_dir_norms": {
    "color_apple": 84.56160736083984,
    "color_car": 102.79315948486328,
    "color_umbrella": 100.00825500488281,
    "color_flower": 92.01517486572266,
    "color_balloon": 72.67575073242188,
    "light_portrait": 72.00660705566406,
    "light_kitchen": 88.77888488769531,
    "light_forest": 51.59716033935547,
    "light_street": 83.13145446777344,
    "light_still_life": 85.02218627929688,
    "style_mountain": 67.89168548583984,
    "style_portrait": 73.40019226074219,
    "style_city": 46.85492706298828,
    "style_forest": 55.07954406738281,
    "style_cat": 80.76289367675781
  }
}