{
  "model": "sdxl",
  "fecha": "2026-05-30T15:36:41.183813",
  "latent_dim": 65536,
  "n_samples_base": 60,
  "n_comp_pca": 50,
  "var_explained_top10": 0.6775697469711304,
  "var_explained_top50": 0.9748072028160095,
  "centroid_norm": 93.29080963134766,
  "norms_mean": 203.42332458496094,
  "norms_std": 24.95278549194336,
  "dist_mean": 256.6792297363281,
  "dist_std": 42.96074676513672,
  "semantic_groups": [
    "color_apple",
    "color_car",
    "color_umbrella",
    "color_flower",
    "color_balloon",
    "light_portrait",
    "light_kitchen",
    "light_forest",
    "light_street",
    "light_still_life",
    "style_mountain",
    "style_portrait",
    "style_city",
    "style_forest",
    "style_cat"
  ],
  "semantic_dir_norms": {
    "color_apple": 209.6452178955078,
    "color_car": 196.71084594726562,
    "color_umbrella": 169.46163940429688,
    "color_flower": 156.8972930908203,
    "color_balloon": 184.27854919433594,
    "light_portrait": 182.89413452148438,
    "light_kitchen": 132.24803161621094,
    "light_forest": 118.80060577392578,
    "light_street": 127.75434112548828,
    "light_still_life": 187.1333465576172,
    "style_mountain": 78.10566711425781,
    "style_portrait": 147.01754760742188,
    "style_city": 64.88697052001953,
    "style_forest": 102.15982055664062,
    "style_cat": 140.16175842285156
  }
}