{
  "fase": 5,
  "fecha": "2026-06-05T12:15:39.395977",
  "modelos": {
    "sd15": {
      "geometry": {
        "sep_pre": 0.9755082726478577,
        "sep_ft": 0.974340558052063,
        "delta_sep": -0.0011677145957946777,
        "pr_pre": 12.351881980895996,
        "pr_ft": 11.684090614318848,
        "delta_pr": -0.6677913665771484,
        "centroid_cos": 0.9909006953239441,
        "delta_mean": 36.59920883178711,
        "ks_stat": 0.2,
        "ks_p": 0.18205691052851009
      },
      "pca": {
        "alignment_top10": 0.8173807263374329,
        "alignment_top50": 0.7249120473861694
      },
      "semantics": {
        "color": {
          "norm_pre": 65.40746307373047,
          "norm_ft": 62.208656311035156,
          "consistency_pre": 0.29985247254371644,
          "consistency_ft": 0.27631250619888303,
          "energy_pre": 0.72033921302895,
          "energy_ft": 0.7366410650220138
        },
        "lighting": {
          "norm_pre": 55.792572021484375,
          "norm_ft": 54.97672653198242,
          "consistency_pre": 0.10934799676761031,
          "consistency_ft": 0.11587505154311657,
          "energy_pre": 0.559131021088582,
          "energy_ft": 0.5579528803164309
        },
        "style": {
          "norm_pre": 51.645652770996094,
          "norm_ft": 50.850440979003906,
          "consistency_pre": 0.028244268568232655,
          "consistency_ft": 0.026754226721823215,
          "energy_pre": 0.5134194380669292,
          "energy_ft": 0.555260279806943
        }
      }
    },
    "sd21": {
      "geometry": {
        "sep_pre": 0.9661604762077332,
        "sep_ft": 0.9592387080192566,
        "delta_sep": -0.0069217681884765625,
        "pr_pre": 12.328754425048828,
        "pr_ft": 10.747166633605957,
        "delta_pr": -1.581587791442871,
        "centroid_cos": 0.992968738079071,
        "delta_mean": 39.55378723144531,
        "ks_stat": 0.13333333333333333,
        "ks_p": 0.6647505590510205
      },
      "pca": {
        "alignment_top10": 0.888317883014679,
        "alignment_top50": 0.7998164892196655
      },
      "semantics": {
        "color": {
          "norm_pre": 90.4107894897461,
          "norm_ft": 89.36723327636719,
          "consistency_pre": 0.2290613602846861,
          "consistency_ft": 0.2307671144604683,
          "energy_pre": 0.6755402980254509,
          "energy_ft": 0.7033676756665928
        },
        "lighting": {
          "norm_pre": 76.10726165771484,
          "norm_ft": 75.12812805175781,
          "consistency_pre": 0.15549980849027634,
          "consistency_ft": 0.16347240582108497,
          "energy_pre": 0.4994701604895181,
          "energy_ft": 0.5538661239979457
        },
        "style": {
          "norm_pre": 64.7978515625,
          "norm_ft": 60.15575408935547,
          "consistency_pre": 0.009644105145707727,
          "consistency_ft": 0.02285390323959291,
          "energy_pre": 0.5112945226201588,
          "energy_ft": 0.5528444198624266
        }
      }
    },
    "sdxl": {
      "geometry": {
        "sep_pre": 1.1175825595855713,
        "sep_ft": 1.012640357017517,
        "delta_sep": -0.1049422025680542,
        "pr_pre": 11.558903694152832,
        "pr_ft": 10.107961654663086,
        "delta_pr": -1.450942039489746,
        "centroid_cos": 0.9140301942825317,
        "delta_mean": 138.3616180419922,
        "ks_stat": 0.21666666666666667,
        "ks_p": 0.11976314781726739
      },
      "pca": {
        "alignment_top10": 0.536918044090271,
        "alignment_top50": 0.2818361520767212
      },
      "semantics": {
        "color": {
          "norm_pre": 183.39871215820312,
          "norm_ft": 129.39913940429688,
          "consistency_pre": 0.7070822477340698,
          "consistency_ft": 0.5544033586978913,
          "energy_pre": 0.9479023314981705,
          "energy_ft": 0.9248186396751267
        },
        "lighting": {
          "norm_pre": 149.76609802246094,
          "norm_ft": 98.66313934326172,
          "consistency_pre": 0.5173924654722214,
          "consistency_ft": 0.24717468693852424,
          "energy_pre": 0.9317444494232958,
          "energy_ft": 0.8452423460261352
        },
        "style": {
          "norm_pre": 106.46635437011719,
          "norm_ft": 90.87562561035156,
          "consistency_pre": 0.20923768393695355,
          "consistency_ft": 0.1322578139603138,
          "energy_pre": 0.7944317487223115,
          "energy_ft": 0.7889538937010661
        }
      }
    }
  }
}